{"name":"450a87d3-ca1d-4732-8311-8d4d7c903c1d","id":"/providers/Microsoft.Flow/flows/450a87d3-ca1d-4732-8311-8d4d7c903c1d","type":"Microsoft.Flow/flows","properties":{"apiId":"/providers/Microsoft.PowerApps/apis/shared_logicflows","displayName":"Incidents Add-Update -> Trigger Target Env Job","definition":{"metadata":{"workflowEntityId":null,"processAdvisorMetadata":null,"flowclientsuspensionreason":"None","flowclientsuspensiontime":null,"creator":{"id":"b98f0046-917b-4078-ac69-d38469edba85","type":"User","tenantId":"71e2d042-0705-4a2e-bb08-bdbd4c46af04"},"provisioningMethod":"FromDefinition","failureAlertSubscription":true,"clientLastModifiedTime":"2021-09-03T15:13:37.1520531Z"},"$schema":"https://schema.management.azure.com/providers/Microsoft.Logic/schemas/2016-06-01/workflowdefinition.json#","contentVersion":"1.0.0.0","parameters":{"$connections":{"defaultValue":{},"type":"Object"},"$authentication":{"defaultValue":{},"type":"SecureObject"}},"triggers":{"Incidents_Add-Update":{"type":"OpenApiConnectionWebhook","inputs":{"host":{"apiId":"/providers/Microsoft.PowerApps/apis/shared_commondataserviceforapps","connectionName":"shared_commondataserviceforapps","operationId":"SubscribeWebhookTrigger"},"parameters":{"subscriptionRequest/message":7,"subscriptionRequest/entityname":"incident","subscriptionRequest/scope":4},"authentication":"@parameters('$authentication')"}}},"actions":{"Trigger_Target_Env_Job":{"runAfter":{},"type":"Http","inputs":{"method":"POST","uri":"https://prod-14.centralindia.logic.azure.com:443/workflows/e7e20209175f4aee8ebbff99d5063323/triggers/manual/paths/invoke?api-version=2016-06-01&sp=%2Ftriggers%2Fmanual%2Frun&sv=1.0&sig=sSgcZjzjIxszRQkwUtRasSggCm0ebc9TMeg2A7C8cIM","headers":{"CaseId":"@triggerOutputs()?['body/incidentid']"}}}},"outputs":{}},"connectionReferences":{"shared_commondataserviceforapps":{"connectionName":"shared-commondataser-19a9fdf0-1400-42f9-b0e3-45f1-28edd79c","source":"Embedded","id":"/providers/Microsoft.PowerApps/apis/shared_commondataserviceforapps","tier":"NotSpecified"}},"flowFailureAlertSubscribed":false}}