{"name":"8d82abd0-3cea-4b9e-a573-7ea16c69f5ba","id":"/providers/Microsoft.Flow/flows/8d82abd0-3cea-4b9e-a573-7ea16c69f5ba","type":"Microsoft.Flow/flows","properties":{"apiId":"/providers/Microsoft.PowerApps/apis/shared_logicflows","displayName":"Http -> Initialize variable","definition":{"metadata":{"workflowEntityId":null,"processAdvisorMetadata":null,"flowclientsuspensionreason":"None","flowclientsuspensiontime":null,"creator":{"id":"b98f0046-917b-4078-ac69-d38469edba85","type":"User","tenantId":"71e2d042-0705-4a2e-bb08-bdbd4c46af04"},"provisioningMethod":"FromDefinition","failureAlertSubscription":true,"clientLastModifiedTime":"2021-09-04T05:34:58.5182565Z"},"$schema":"https://schema.management.azure.com/providers/Microsoft.Logic/schemas/2016-06-01/workflowdefinition.json#","contentVersion":"1.0.0.0","parameters":{"$connections":{"defaultValue":{},"type":"Object"},"$authentication":{"defaultValue":{},"type":"SecureObject"}},"triggers":{"manual":{"type":"Request","kind":"Http","inputs":{"schema":{"type":"object","properties":{"CaseId":{"type":"string"}}}}}},"actions":{"CaseId":{"runAfter":{},"type":"Compose","inputs":"@triggerOutputs()['headers']?['CaseId']"},"HTTP_-_Get_Toket_for_Authentication":{"runAfter":{"CaseId":["Succeeded"]},"type":"Http","inputs":{"method":"POST","uri":"https://login.microsoftonline.com/71e2d042-0705-4a2e-bb08-bdbd4c46af04/oauth2/token","headers":{"Content-Type":"application/x-www-form-urlencoded"},"body":"grant_type=client_credentials&\nclient_id=31da11c2-0266-4342-838a-806addb4836b&\nclient_secret=zZHu-7QGpRg8yc_3QrWLe_u-nP.qS73y~i&\nresource=https://orgda12d280.crm8.dynamics.com/"}},"Compose-_Get_Token":{"runAfter":{"HTTP_-_Get_Toket_for_Authentication":["Succeeded"]},"type":"Compose","inputs":"@body('HTTP_-_Get_Toket_for_Authentication').access_token"},"HTTP":{"runAfter":{"Compose-_Get_Token":["Succeeded"]},"type":"Http","inputs":{"method":"GET","uri":"https://orgda12d280.crm8.dynamics.com/api/data/v9.1/incidents","headers":{"Content-Type":"application/json","Authorization":"@{outputs('Compose-_Get_Token')}"},"queries":{"$filter":"incidentid eq '@{outputs('CaseId')}'"}}},"HttpBody":{"runAfter":{"HTTP":["Succeeded"]},"type":"InitializeVariable","inputs":{"variables":[{"name":"HttpBody","type":"object","value":"@body('HTTP')"}]}},"Case_Array":{"runAfter":{"HttpBody":["Succeeded"]},"type":"InitializeVariable","inputs":{"variables":[{"name":"CaseDetails","type":"array","value":"@variables('HttpBody').value"}]}},"Parse_JSON":{"runAfter":{"Case_Array":["Succeeded"]},"type":"ParseJson","inputs":{"content":"@variables('CaseDetails')","schema":{"type":"array","items":{"type":"object","properties":{"@@odata.etag":{"type":"string"},"statecode":{"type":"integer"},"resolvebyslastatus":{"type":"integer"},"statuscode":{"type":"integer"},"description":{"type":"string"},"createdon":{"type":"string"},"ticketnumber":{"type":"string"},"int_upsellreferral":{"type":"boolean"},"severitycode":{"type":"integer"},"_ownerid_value":{"type":"string"},"servicestage":{"type":"integer"},"modifiedon":{"type":"string"},"title":{"type":"string"},"decremententitlementterm":{"type":"boolean"},"versionnumber":{"type":"integer"},"prioritycode":{"type":"integer"},"blockedprofile":{"type":"boolean"},"_modifiedby_value":{"type":"string"},"incidentstagecode":{"type":"integer"},"isdecrementing":{"type":"boolean"},"firstresponseslastatus":{"type":"integer"},"_owningbusinessunit_value":{"type":"string"},"routecase":{"type":"boolean"},"_subjectid_value":{"type":"string"},"followuptaskcreated":{"type":"boolean"},"firstresponsesent":{"type":"boolean"},"_createdby_value":{"type":"string"},"merged":{"type":"boolean"},"activitiescomplete":{"type":"boolean"},"checkemail":{"type":"boolean"},"processid":{"type":"string"},"_customerid_value":{"type":"string"},"_owninguser_value":{"type":"string"},"incidentid":{"type":"string"},"isescalated":{"type":"boolean"},"customercontacted":{"type":"boolean"},"_msdyn_incidenttype_value":{},"_kbarticleid_value":{},"productserialnumber":{},"escalatedon":{},"billedserviceunits":{},"entityimage":{},"_createdbyexternalparty_value":{},"entityimage_url":{},"_contractid_value":{},"_contractdetailid_value":{},"_resolvebykpiid_value":{},"_parentcaseid_value":{},"_accountid_value":{},"_slainvokedid_value":{},"actualserviceunits":{},"_primarycontactid_value":{},"_entitlementid_value":{},"_contactid_value":{},"_productid_value":{},"stageid":{},"lastonholdtime":{},"casetypecode":{},"numberofchildincidents":{},"_modifiedonbehalfby_value":{},"entityimageid":{},"resolveby":{},"sentimentvalue":{},"onholdtime":{},"importsequencenumber":{},"utcconversiontimezonecode":{},"_modifiedbyexternalparty_value":{},"_existingcase_value":{},"responseby":{},"traversedpath":{},"_createdonbehalfby_value":{},"_firstresponsebykpiid_value":{},"emailaddress":{},"_owningteam_value":{},"_socialprofileid_value":{},"messagetypecode":{},"contractservicelevelcode":{},"exchangerate":{},"caseorigincode":{},"followupby":{},"timezoneruleversionnumber":{},"overriddencreatedon":{},"_transactioncurrencyid_value":{},"customersatisfactioncode":{},"_msdyn_iotalert_value":{},"_masterid_value":{},"influencescore":{},"_slaid_value":{},"entityimage_timestamp":{},"_msdyn_functionallocation_value":{},"int_customereffort":{}},"required":["@@odata.etag","statecode","resolvebyslastatus","statuscode","description","createdon","ticketnumber","int_upsellreferral","severitycode","_ownerid_value","servicestage","modifiedon","title","decremententitlementterm","versionnumber","prioritycode","blockedprofile","_modifiedby_value","incidentstagecode","isdecrementing","firstresponseslastatus","_owningbusinessunit_value","routecase","_subjectid_value","followuptaskcreated","firstresponsesent","_createdby_value","merged","activitiescomplete","checkemail","processid","_customerid_value","_owninguser_value","incidentid","isescalated","customercontacted","_msdyn_incidenttype_value","_kbarticleid_value","productserialnumber","escalatedon","billedserviceunits","entityimage","_createdbyexternalparty_value","entityimage_url","_contractid_value","_contractdetailid_value","_resolvebykpiid_value","_parentcaseid_value","_accountid_value","_slainvokedid_value","actualserviceunits","_primarycontactid_value","_entitlementid_value","_contactid_value","_productid_value","stageid","lastonholdtime","casetypecode","numberofchildincidents","_modifiedonbehalfby_value","entityimageid","resolveby","sentimentvalue","onholdtime","importsequencenumber","utcconversiontimezonecode","_modifiedbyexternalparty_value","_existingcase_value","responseby","traversedpath","_createdonbehalfby_value","_firstresponsebykpiid_value","emailaddress","_owningteam_value","_socialprofileid_value","messagetypecode","contractservicelevelcode","exchangerate","caseorigincode","followupby","timezoneruleversionnumber","overriddencreatedon","_transactioncurrencyid_value","customersatisfactioncode","_msdyn_iotalert_value","_masterid_value","influencescore","_slaid_value","entityimage_timestamp","_msdyn_functionallocation_value","int_customereffort"]}}}},"Condition":{"actions":{"Apply_to_each_2":{"foreach":"@body('Parse_JSON')","actions":{"Update_a_row":{"runAfter":{},"type":"OpenApiConnection","inputs":{"host":{"apiId":"/providers/Microsoft.PowerApps/apis/shared_commondataserviceforapps","connectionName":"shared_commondataserviceforapps","operationId":"UpdateRecord"},"parameters":{"entityName":"incidents","recordId":"@items('Apply_to_each_2')['incidentid']","item/title":"@items('Apply_to_each_2')['title']","item/customerid_account@odata.bind":"/accounts(@{items('Apply_to_each_2')['_customerid_value']})","item/description":"@items('Apply_to_each_2')['description']"},"authentication":"@parameters('$authentication')"}}},"runAfter":{},"type":"Foreach"}},"runAfter":{"List_rows":["Succeeded"]},"else":{"actions":{"Apply_to_each":{"foreach":"@body('Parse_JSON')","actions":{"Add_a_new_row":{"runAfter":{},"type":"OpenApiConnection","inputs":{"host":{"apiId":"/providers/Microsoft.PowerApps/apis/shared_commondataserviceforapps","connectionName":"shared_commondataserviceforapps","operationId":"CreateRecord"},"parameters":{"entityName":"incidents","item/title":"@items('Apply_to_each')['title']","item/customerid_account@odata.bind":"/accounts(@{items('Apply_to_each')['_customerid_value']})","item/description":"@items('Apply_to_each')['description']","item/incidentid":"@items('Apply_to_each')['incidentid']","item/ticketnumber":"@items('Apply_to_each')['ticketnumber']"},"authentication":"@parameters('$authentication')"}}},"runAfter":{},"type":"Foreach"}}},"expression":{"greaterOrEquals":["@length(outputs('List_rows')?['body/value'])",1]},"type":"If"},"List_rows":{"runAfter":{"Parse_JSON":["Succeeded"]},"type":"OpenApiConnection","inputs":{"host":{"apiId":"/providers/Microsoft.PowerApps/apis/shared_commondataserviceforapps","connectionName":"shared_commondataserviceforapps","operationId":"ListRecords"},"parameters":{"entityName":"incidents","$filter":"incidentid eq '@{outputs('CaseId')}'"},"authentication":"@parameters('$authentication')"}}},"outputs":{}},"connectionReferences":{"shared_commondataserviceforapps":{"connectionName":"shared-commondataser-1d7f1c78-78c1-450f-bbc1-41c9-bdbad298","source":"Embedded","id":"/providers/Microsoft.PowerApps/apis/shared_commondataserviceforapps","tier":"NotSpecified"}},"flowFailureAlertSubscribed":false}}